Tanggal,Emas,IHSG,Minyak Mentah,Kurs USD/IDR
2018-01-02,574.362,6339.24,816051.475,13517.5
2018-01-03,568.486,6251.48,830649.14,13478.0
2018-01-04,570.713,6292.32,832391.235,13423.5
2018-01-05,569.908,6353.74,824248.32,13415.5
2018-01-08,569.747,6385.4,828817.845,13426.5
2018-01-09,566.742,6373.14,846025.0,13437.5
2018-01-10,569.905,6371.17,854158.305,13436.5
2018-01-11,571.297,6386.34,854888.1,13399.5
2018-01-12,576.691,6370.06,858630.0499999999,13353.5
2018-01-15,578.076,6382.19,863142.185,13334.5
2018-01-16,577.807,6429.69,849998.875,13337.5
2018-01-17,572.91,6444.52,854479.275,13357.5
2018-01-18,572.453,6472.67,853476.7000000001,13346.0
2018-01-19,572.192,6490.9,843676.495,13313.5
2018-01-22,573.893,6500.53,847432.775,13347.5
2018-01-23,576.961,6635.33,859062.75,13325.0
2018-01-24,582.718,6615.49,873498.735,13313.5
2018-01-25,577.93,6615.33,870529.6350000001,13288.5
2018-01-26,579.996,6660.62,880124.98,13307.0
2018-01-29,575.524,6680.62,876111.06,13363.5
2018-01-30,577.058,6575.49,866396.25,13432.5
2018-01-31,579.295,6605.63,866637.6050000001,13388.5
2018-02-01,581.4,6598.46,883496.6,13427.0
2018-02-02,575.52,6628.82,880400.675,13451.5
2018-02-05,581.839,6589.68,867628.7500000001,13525.0
2018-02-06,576.482,6478.54,859092.975,13552.5
2018-02-07,574.955,6534.87,837439.87,13553.0
2018-02-08,577.612,6544.63,831945.75,13605.0
2018-02-09,576.817,6505.52,806748.0,13627.5
2018-02-12,579.805,6523.45,809753.1749999999,13657.5
2018-02-13,584.296,6578.18,808387.4249999999,13657.5
2018-02-14,593.351,6594.4,825887.1,13628.5
2018-02-15,591.163,6591.58,831678.39,13558.5
2018-02-19,586.333,6689.29,845903.99,13560.5
2018-02-20,581.286,6662.88,842613.75,13612.5
2018-02-21,580.55,6643.4,839989.08,13618.5
2018-02-22,584.375,6593.06,858850.525,13682.5
2018-02-23,583.065,6619.8,868569.625,13667.5
2018-02-26,584.314,6554.67,873010.6,13660.0
2018-02-27,579.006,6598.93,861661.75,13675.0
2018-02-28,581.295,6597.22,847241.8,13745.0
2018-03-01,581.163,6606.05,838460.025,13747.5
2018-03-02,583.808,6582.32,842646.875,13757.5
2018-03-05,583.301,6550.59,861119.625,13762.5
2018-03-06,591.787,6500.11,862315.0,13775.0
2018-03-07,585.889,6368.27,841790.9,13766.0
2018-03-08,585.464,6443.02,828754.2,13785.0
2018-03-09,586.533,6433.32,854973.24,13781.0
2018-03-12,586.699,6500.69,844927.2,13770.0
2018-03-13,586.82,6412.85,834792.855,13750.5
2018-03-14,585.926,6382.62,837377.04,13736.5
2018-03-15,582.13,6321.9,841209.525,13747.5
2018-03-16,581.25,6304.95,857112.66,13749.0
2018-03-19,583.161,6289.57,854224.87,13764.5
2018-03-20,579.532,6243.58,871750.0,13750.0
2018-03-21,589.652,6312.83,896902.125,13762.5
2018-03-22,589.746,6254.07,884285.75,13752.5
2018-03-23,596.901,6210.7,907991.1,13782.5
2018-03-26,598.231,6200.17,900657.0,13740.0
2018-03-27,594.996,6209.35,896665.5,13742.0
2018-03-28,587.275,6140.84,886061.94,13763.0
2018-03-29,586.82,6188.99,893899.1,13765.0
2018-04-02,593.677,6240.57,866639.5399999999,13754.0
2018-04-03,590.285,6229.01,874183.395,13764.5
2018-04-04,590.401,6157.1,872383.105,13766.5
2018-04-05,589.206,6183.23,874723.41,13766.5
2018-04-06,590.518,6175.05,854783.41,13773.5
2018-04-09,591.666,6246.13,872944.59,13764.5
2018-04-10,593.692,6325.82,900696.9900000001,13749.0
2018-04-11,598.818,6360.93,919342.9699999999,13758.5
2018-04-12,592.588,6310.8,923520.3649999999,13769.5
2018-04-13,595.236,6270.33,926780.975,13752.5
2018-04-16,597.272,6286.75,912147.39,13774.5
2018-04-17,596.123,6285.76,915714.32,13766.0
2018-04-18,598.268,6320.01,943140.015,13774.5
2018-04-19,595.769,6355.9,941104.4900000001,13781.0
2018-04-20,594.811,6337.69,948943.45,13877.5
2018-04-23,591.121,6308.15,953752.8,13895.0
2018-04-24,593.105,6229.64,940183.75,13887.5
2018-04-25,590.074,6079.85,947256.0,13920.0
2018-04-26,587.044,5909.2,946988.625,13887.5
2018-04-27,589.567,5919.24,945908.9999999999,13890.0
2018-04-30,586.446,5994.6,953980.1249999999,13912.5
2018-05-02,585.531,6012.24,947283.8500000001,13945.0
2018-05-03,588.654,5858.73,953743.1250000001,13937.5
2018-05-04,589.5,5792.35,971896.7999999999,13940.0
2018-05-07,591.562,5885.1,990220.0,14000.0
2018-05-08,594.134,5774.72,970293.0,14050.0
2018-05-09,593.839,5907.94,1001651.2,14080.0
2018-05-11,592.256,5956.83,986265.0,13950.0
2018-05-14,590.081,5947.15,991311.2,13970.0
2018-05-15,582.796,5838.12,1000978.4700000001,14037.0
2018-05-16,584.932,5841.46,1007508.57,14093.0
2018-05-17,582.766,5815.92,1004577.48,14052.0
2018-05-18,587.427,5783.31,1008790.2000000001,14152.5
2018-05-21,589.026,5733.85,1024724.3999999999,14185.0
2018-05-22,588.684,5751.12,1019773.94,14138.0
2018-05-23,590.485,5792.0,1020630.88,14207.0
2018-05-24,593.238,5946.54,999485.8499999999,14135.0
2018-05-25,590.391,5975.74,958465.6,14120.0
2018-05-28,585.344,6068.32,938029.5,13990.0
2018-05-30,586.275,6011.06,954257.8999999999,13990.0
2018-05-31,581.217,5983.59,931520.8,13895.0
2018-06-04,575.68,6014.82,898212.0,13872.0
2018-06-05,578.582,6088.79,909352.08,13879.0
2018-06-06,577.879,6069.71,896672.3250000001,13852.5
2018-06-07,578.46,6106.7,914726.5,13870.0
2018-06-08,581.409,5993.63,915758.2,13930.0
2018-06-20,570.092,5884.04,922444.6,13930.0
2018-06-21,572.416,5822.33,924310.6200000001,14103.0
2018-06-22,573.314,5821.81,965606.4,14080.0
2018-06-25,573.164,5859.08,963672.4,14155.0
2018-06-26,570.825,5825.65,999974.34,14178.0
2018-06-27,569.379,5787.55,1031591.28,14178.0
2018-06-28,570.9,5667.32,1056945.5,14390.0
2018-06-29,572.697,5799.24,1062569.5,14330.0
2018-07-02,568.42,5746.77,1063257.2,14380.0
2018-07-03,575.361,5633.94,1066133.2,14380.0
2018-07-04,576.036,5733.64,1063913.76,14352.0
2018-07-05,576.57,5739.33,1049241.9,14385.0
2018-07-06,575.244,5694.91,1060506.0,14370.0
2018-07-09,575.697,5807.38,1057901.25,14325.0
2018-07-10,575.289,5881.76,1064219.6,14360.0
2018-07-11,569.778,5893.36,1012416.2999999999,14385.0
2018-07-12,571.511,5907.87,1011345.4,14380.0
2018-07-13,569.436,5944.07,1021123.8,14380.0
2018-07-16,569.011,5905.16,978362.5,14375.0
2018-07-17,562.826,5861.51,978309.6,14370.0
2018-07-18,563.926,5890.73,990487.8,14405.0
2018-07-19,563.085,5871.08,1005433.4999999999,14475.0
2018-07-20,566.969,5872.78,1020260.7999999999,14480.0
2018-07-23,563.703,5915.8,983726.1,14490.0
2018-07-24,564.91,5931.84,995595.6,14530.0
2018-07-25,567.176,5933.89,1002078.0,14460.0
2018-07-26,563.043,5946.14,1006560.6,14460.0
2018-07-27,561.651,5989.14,990338.075,14417.5
2018-07-30,561.29,6027.94,1010573.2999999999,14410.0
2018-07-31,562.264,5936.44,991519.2000000001,14420.0
2018-08-01,559.763,6033.42,977010.3999999999,14440.0
2018-08-02,556.051,6011.72,998195.9999999999,14475.0
2018-08-03,558.58,6007.54,992591.325,14492.5
2018-08-06,556.128,6101.13,998574.7000000001,14470.0
2018-08-07,557.451,6091.25,998814.8,14440.0
2018-08-08,557.662,6094.83,966278.9,14435.0
2018-08-09,557.835,6065.26,962732.1,14410.0
2018-08-10,557.549,6077.17,978944.2499999999,14475.0
2018-08-13,550.17,5861.25,980784.0,14595.0
2018-08-14,551.071,5769.87,977443.2000000001,14580.0
2018-08-15,547.47,5816.59,949146.0000000001,14600.0
2018-08-16,547.5,5783.8,956370.5999999999,14610.0
2018-08-20,549.083,5892.19,969213.7000000001,14590.0
2018-08-21,551.415,5944.3,981962.9999999999,14580.0
2018-08-23,546.955,5982.98,992352.9,14630.0
2018-08-24,556.005,5968.75,1006198.24,14642.0
2018-08-27,558.114,6025.97,1006879.4,14620.0
2018-08-28,555.43,6042.65,1002045.66,14622.0
2018-08-29,556.951,6065.15,1018669.05,14655.0
2018-08-30,555.127,6018.96,1031972.5,14690.0
2018-08-31,555.155,6018.46,1028154.0,14730.0
2018-09-03,556.015,5967.58,1038827.8,14815.0
2018-09-04,553.033,5905.3,1043508.4500000001,14935.0
2018-09-05,555.314,5683.5,1026333.2,14935.0
2018-09-06,556.84,5776.1,1009095.2999999999,14890.0
2018-09-07,553.623,5851.46,1004055.0,14820.0
2018-09-10,553.606,5831.12,1003441.7800000001,14857.0
2018-09-12,558.339,5798.15,1043235.2500000001,14825.0
2018-09-13,555.809,5858.27,1017875.6000000001,14840.0
2018-09-14,552.456,5931.28,1021396.95,14805.0
2018-09-17,555.654,5824.26,1025208.5249999999,14877.5
2018-09-18,555.88,5811.79,1037621.7499999999,14855.0
2018-09-19,558.027,5873.6,1057910.0,14875.0
2018-09-20,559.131,5931.27,1051026.0,14845.0
2018-09-21,555.281,5957.74,1048888.82,14819.0
2018-09-24,555.705,5882.22,1071649.4,14867.5
2018-09-25,557.104,5874.3,1078417.6,14920.0
2018-09-26,555.03,5873.27,1066750.8499999999,14905.0
2018-09-28,552.724,5976.55,1091534.875,14901.5
2018-10-01,557.477,5944.6,1122723.0,14910.0
2018-10-02,583.467,5875.62,1131835.35,15045.0
2018-10-03,581.964,5867.74,1151880.75,15075.0
2018-10-04,589.556,5756.62,1127586.0999999999,15170.0
2018-10-05,586.478,5731.94,1128481.2,15180.0
2018-10-08,586.571,5761.07,1130508.0750000002,15217.5
2018-10-09,582.431,5796.79,1141640.7999999998,15230.0
2018-10-10,583.744,5820.67,1112403.51,15203.0
2018-10-11,598.205,5702.82,1081227.95,15235.0
2018-10-12,595.176,5756.49,1084724.7,15205.0
2018-10-15,599.971,5727.26,1091773.8,15210.0
2018-10-16,599.088,5800.82,1093184.0,15200.0
2018-10-17,597.811,5868.62,1057061.25,15155.0
2018-10-18,601.658,5845.24,1043033.7750000001,15193.5
2018-10-19,598.585,5837.29,1049760.0,15187.5
2018-10-22,598.434,5840.44,1050346.45,15185.0
2018-10-23,600.738,5797.89,1009071.7000000001,15190.0
2018-10-24,605.037,5709.42,1015463.5399999999,15197.0
2018-10-25,603.007,5754.96,1022574.375,15187.5
2018-10-26,603.065,5784.92,1028483.2350000001,15216.5
2018-10-29,603.621,5754.61,1020348.8,15220.0
2018-10-30,598.107,5789.1,1007458.1400000001,15223.0
2018-10-31,596.157,5831.65,992875.275,15202.5
2018-11-01,599.782,5835.92,963470.475,15127.5
2018-11-02,592.728,5906.29,944100.85,14952.5
2018-11-05,591.782,5920.59,944985.6,14976.0
2018-11-06,585.134,5923.93,920863.525,14802.5
2018-11-07,574.791,5939.89,899148.6,14580.0
2018-11-08,574.437,5976.81,882141.8,14540.0
2018-11-09,572.168,5874.15,883890.15,14685.0
2018-11-12,572.69,5777.05,887862.95,14815.0
2018-11-13,572.87,5835.2,824768.9,14810.0
2018-11-14,575.116,5858.29,831768.75,14787.0
2018-11-15,570.737,5955.74,828691.65,14677.5
2018-11-16,572.439,6012.35,824965.29,14611.5
2018-11-19,574.686,6005.3,828128.4,14590.0
2018-11-21,575.233,5948.05,797871.15,14605.0
2018-11-22,575.966,5990.81,787476.55,14577.5
2018-11-23,571.695,6006.2,733106.8,14540.0
2018-11-26,569.434,6022.78,747344.25,14475.0
2018-11-27,567.134,6013.59,748316.06,14513.5
2018-11-28,569.005,5991.25,730587.975,14527.5
2018-11-29,566.205,6107.17,739979.625,14382.5
2018-11-30,563.192,6056.12,728426.325,14302.5
2018-12-03,565.267,6118.32,754008.0,14240.0
2018-12-04,572.46,6152.86,760942.5,14290.0
2018-12-05,574.517,6133.12,761351.55,14395.0
2018-12-06,578.196,6115.49,747634.8,14520.0
2018-12-07,583.903,6126.36,761266.7,14470.0
2018-12-10,584.232,6111.36,742305.0,14555.0
2018-12-11,584.418,6076.59,754090.0,14600.0
2018-12-12,584.648,6115.58,746662.125,14597.5
2018-12-13,581.453,6177.72,762278.5499999999,14497.5
2018-12-14,580.787,6169.84,746752.0,14585.0
2018-12-17,583.969,6089.31,727001.0,14575.0
2018-12-18,581.963,6081.87,670480.0,14500.0
2018-12-19,580.128,6176.09,681686.0,14442.5
2018-12-20,589.77,6147.88,663883.6000000001,14470.0
2018-12-21,587.645,6163.6,663562.4500000001,14555.0
2018-12-26,594.376,6127.85,673656.5,14575.0
2018-12-27,596.811,6190.64,649521.6,14560.0
2018-12-28,599.887,6194.5,660004.7999999999,14560.0
2019-01-02,595.741,6181.17,672503.0,14450.0
2019-01-03,600.16,6221.01,678566.9,14410.0
2019-01-04,588.757,6274.54,684389.2000000001,14270.0
2019-01-07,583.887,6287.22,683646.8,14090.0
2019-01-08,584.558,6262.85,704138.1,14145.0
2019-01-09,587.604,6272.24,739585.0,14125.0
2019-01-10,582.037,6328.71,739152.4500000001,14055.0
2019-01-11,584.364,6361.46,724581.55,14045.0
2019-01-14,586.704,6336.12,713403.24,14124.0
2019-01-15,585.403,6408.78,734360.175,14092.5
2019-01-16,588.059,6413.36,738747.975,14122.5
2019-01-17,588.971,6423.78,738352.6,14180.0
2019-01-18,583.438,6448.16,762615.0,14175.0
2019-01-21,585.193,6450.83,771428.4,14222.5
2019-01-22,587.309,6468.56,747282.55,14215.0
2019-01-23,585.613,6451.17,746151.6,14180.0
2019-01-24,582.778,6466.65,752586.4500000001,14165.0
2019-01-25,587.977,6482.84,756223.65,14085.0
2019-01-28,589.862,6458.71,731499.3,14070.0
2019-01-29,593.43,6436.48,751404.4500000001,14095.0
2019-01-30,595.538,6464.19,766269.8999999999,14130.0
2019-01-31,593.491,6532.97,751580.775,13972.5
2019-02-01,591.059,6538.64,770324.4,13940.0
2019-02-04,589.15,6481.45,761384.8,13955.0
2019-02-06,584.886,6547.88,751927.22,13922.0
2019-02-07,588.693,6536.46,735512.4,13972.5
2019-02-08,589.399,6521.66,736234.7999999999,13965.0
2019-02-11,590.028,6495.0,735836.3999999999,14040.0
2019-02-12,590.484,6426.33,747037.35,14068.5
2019-02-13,591.697,6419.12,757699.25,14057.5
2019-02-14,594.336,6420.02,766636.8999999999,14090.0
2019-02-15,599.299,6389.08,786181.5750000001,14142.5
2019-02-18,602.588,6497.81,793772.755,14106.5
2019-02-19,608.019,6494.67,790981.18,14102.0
2019-02-20,606.207,6512.78,799156.8,14040.0
2019-02-21,599.104,6537.77,801028.48,14063.0
2019-02-22,599.697,6501.38,804932.45,14057.5
2019-02-25,598.331,6525.36,777690.8999999999,14017.5
2019-02-26,596.921,6540.95,776500.5,13991.0
2019-02-27,595.711,6525.68,798868.2,14030.0
2019-02-28,599.963,6443.35,804799.2999999999,14065.0
2019-03-01,589.717,6499.88,787617.0,14115.0
2019-03-04,584.668,6488.42,799616.7000000001,14130.0
2019-03-05,586.145,6441.28,798627.2000000001,14120.0
2019-03-06,585.34,6457.96,794950.7999999999,14140.0
2019-03-08,597.342,6383.07,802361.7,14310.0
2019-03-11,591.99,6366.43,811529.1,14290.0
2019-03-12,597.108,6353.77,811250.5499999999,14265.0
2019-03-13,599.204,6377.58,831078.9,14265.0
2019-03-14,595.677,6413.27,836188.87,14267.0
2019-03-15,595.657,6461.18,834436.68,14259.0
2019-03-18,597.528,6509.45,841293.875,14237.5
2019-03-19,597.666,6480.28,839996.9,14230.0
2019-03-20,598.321,6482.71,848688.5499999999,14185.0
2019-03-21,593.709,6501.78,848117.2,14140.0
2019-03-22,604.154,6525.27,836301.6,14165.0
2019-03-25,602.521,6411.25,834067.6,14180.0
2019-03-26,600.195,6470.0,849349.7999999999,14170.0
2019-03-27,597.744,6444.74,843324.95,14195.0
2019-03-28,590.881,6480.79,844550.6,14242.0
2019-03-29,590.691,6468.75,856393.6,14240.0
2019-04-01,589.023,6452.61,876117.75,14225.0
2019-04-02,590.616,6476.07,889887.6,14220.0
2019-04-04,588.996,6494.63,880578.0,14180.0
2019-04-05,585.461,6474.02,891005.0,14125.0
2019-04-08,592.549,6425.73,912097.2000000001,14163.0
2019-04-09,593.083,6484.35,904229.34,14133.0
2019-04-10,594.727,6478.33,914231.5,14150.0
2019-04-11,587.373,6410.17,898703.2999999999,14135.0
2019-04-12,585.638,6405.87,900369.825,14092.5
2019-04-15,582.428,6435.15,891404.0,14060.0
2019-04-16,578.089,6481.54,902144.25,14085.0
2019-04-18,575.96,6507.22,898720.0,14042.5
2019-04-22,576.742,6414.74,924727.5,14075.0
2019-04-23,575.138,6462.82,933172.5,14075.0
2019-04-24,577.998,6447.88,928719.55,14095.0
2019-04-25,588.298,6372.79,925003.8499999999,14185.0
2019-04-26,586.647,6401.08,898068.75,14187.5
2019-04-29,584.54,6425.9,901700.0,14200.0
2019-04-30,589.591,6455.35,910717.5,14250.0
2019-05-02,582.233,6374.42,880792.5,14250.0
2019-05-03,583.962,6319.46,882954.7,14255.0
2019-05-06,589.773,6256.35,889708.125,14292.5
2019-05-07,589.206,6297.32,876792.0,14280.0
2019-05-08,588.381,6270.2,888005.3999999999,14295.0
2019-05-09,591.932,6198.8,885395.0,14350.0
2019-05-10,591.79,6209.12,883279.5,14325.0
2019-05-13,599.175,6135.4,879891.6,14415.0
2019-05-14,601.881,6071.2,891485.4,14430.0
2019-05-15,602.77,5980.88,896809.2000000001,14460.0
2019-05-16,597.597,5895.74,908471.5,14450.0
2019-05-17,595.962,5826.87,906882.0,14450.0
2019-05-20,593.725,5907.12,912110.5,14455.0
2019-05-21,592.342,5951.37,912095.2000000001,14480.0
2019-05-22,595.11,5939.64,892125.5,14525.0
2019-05-23,597.049,6032.7,837378.6,14460.0
2019-05-24,594.712,6057.35,843832.275,14392.5
2019-05-27,594.313,6098.97,850720.7999999999,14380.0
2019-05-28,590.88,6033.14,850137.5,14375.0
2019-05-29,592.595,6104.11,846864.0,14400.0
2019-05-31,601.114,6209.12,763712.5,14275.0
2019-06-10,608.926,6289.61,758955.0,14250.0
2019-06-11,610.311,6305.99,758431.625,14237.5
2019-06-12,611.56,6276.18,727977.9,14235.0
2019-06-13,617.319,6273.08,746558.4,14280.0
2019-06-14,616.99,6250.27,752205.75,14325.0
2019-06-17,620.991,6190.52,744416.55,14335.0
2019-06-18,618.303,6257.33,771982.75,14322.5
2019-06-19,623.898,6339.26,767128.32,14269.5
2019-06-20,632.639,6335.7,803438.625,14182.5
2019-06-21,635.439,6315.44,812921.65,14155.0
2019-06-24,650.119,6288.46,818706.0,14140.0
2019-06-25,644.18,6320.44,816848.75,14125.0
2019-06-26,642.675,6310.49,841711.5,14175.0
2019-06-27,643.718,6352.71,840340.2,14140.0
2019-06-28,640.195,6358.63,826034.9249999999,14127.5
2019-07-01,629.209,6379.69,833907.625,14112.5
2019-07-02,653.443,6384.9,795234.375,14137.5
2019-07-03,643.423,6362.62,809497.4500000001,14117.5
2019-07-04,645.996,6375.97,803152.0,14140.0
2019-07-05,632.695,6373.48,809884.575,14082.5
2019-07-08,632.717,6351.83,813582.6,14110.0
2019-07-09,635.662,6388.32,817137.9,14130.0
2019-07-10,645.649,6410.68,853875.9,14130.0
2019-07-11,637.868,6417.07,846713.0,14065.0
2019-07-12,636.36,6373.35,843361.47,14007.0
2019-07-15,633.134,6418.23,829323.8099999999,13919.5
2019-07-16,633.136,6401.88,802934.7,13935.0
2019-07-17,640.063,6394.61,793784.4,13980.0
2019-07-18,645.576,6403.29,771988.0,13960.0
2019-07-19,637.829,6456.54,775204.05,13935.0
2019-07-22,638.339,6433.55,783987.9,13945.0
2019-07-23,639.946,6403.81,793871.68,13984.0
2019-07-24,641.427,6384.99,781928.8400000001,13993.0
2019-07-25,635.919,6401.37,783019.55,13977.5
2019-07-26,636.916,6325.24,787024.8,14004.0
2019-07-29,642.137,6299.04,797317.3999999999,14020.0
2019-07-30,644.832,6377.0,813861.0,14020.0
2019-07-31,643.786,6390.5,821115.86,14017.0
2019-08-01,652.928,6381.54,761558.2000000001,14116.0
2019-08-02,659.191,6340.18,789258.7999999999,14180.0
2019-08-05,672.619,6175.7,779605.95,14255.0
2019-08-06,675.206,6119.47,765031.9500000001,14265.0
2019-08-07,688.169,6204.19,726627.525,14222.5
2019-08-08,688.324,6274.67,746488.32,14208.0
2019-08-09,685.073,6282.13,773355.0,14190.0
2019-08-12,692.721,6250.6,782615.175,14247.5
2019-08-13,693.413,6210.96,817529.25,14317.5
2019-08-14,694.758,6267.33,786751.35,14245.0
2019-08-15,703.881,6257.59,777150.725,14267.5
2019-08-16,692.138,6286.66,781074.45,14235.0
2019-08-19,689.926,6296.71,800149.35,14235.0
2019-08-20,693.972,6295.74,803408.4,14260.0
2019-08-21,690.268,6252.97,792883.2,14240.0
2019-08-22,685.394,6239.25,787907.25,14235.0
2019-08-23,686.09,6255.6,769891.125,14212.5
2019-08-26,699.626,6214.51,763833.6,14240.0
2019-08-27,707.415,6278.17,783027.15,14255.0
2019-08-28,704.803,6281.65,795143.9,14255.0
2019-08-29,699.708,6289.12,807408.625,14237.5
2019-08-30,693.544,6328.47,781593.5,14185.0
2019-09-02,700.59,6290.55,775844.0399999999,14194.0
2019-09-03,708.207,6261.59,767296.5,14225.0
2019-09-04,705.581,6269.66,796219.65,14152.5
2019-09-05,690.866,6306.8,796645.0,14150.0
2019-09-06,681.232,6308.95,796649.4,14095.0
2019-09-09,675.404,6326.21,811693.35,14031.0
2019-09-10,671.467,6336.67,806470.0,14050.0
2019-09-11,673.854,6381.95,783845.0,14060.0
2019-09-12,673.762,6342.17,770709.1000000001,13990.0
2019-09-13,668.358,6334.84,765980.25,13965.0
2019-09-16,676.206,6219.44,883116.0,14040.0
2019-09-17,673.197,6236.69,836397.3,14095.0
2019-09-18,678.104,6276.63,817026.6,14060.0
2019-09-19,680.918,6244.47,817307.8,14060.0
2019-09-20,684.938,6231.47,816454.9500000001,14055.0
2019-09-23,688.197,6206.2,825944.4,14085.0
2019-09-24,695.308,6137.61,808505.125,14112.5
2019-09-25,684.741,6146.4,799333.5,14150.0
2019-09-26,687.131,6230.33,799752.7749999999,14177.5
2019-09-27,681.955,6196.89,791965.1499999999,14165.0
2019-09-30,673.947,6169.1,767523.65,14195.0
2019-10-01,675.163,6138.25,762074.25,14212.5
2019-10-02,682.066,6055.42,747224.8,14195.0
2019-10-03,687.82,6038.53,743347.625,14172.5
2019-10-04,683.163,6061.25,746469.35,14135.0
2019-10-07,679.292,6000.58,747071.875,14162.5
2019-10-08,687.596,6039.6,744977.65,14155.0
2019-10-09,689.069,6029.16,745200.3,14170.0
2019-10-10,680.146,6023.64,757812.825,14151.5
2019-10-11,676.316,6105.8,772801.6000000001,14128.0
2019-10-14,678.272,6126.88,757709.01,14139.0
2019-10-15,674.889,6158.17,748053.65,14165.0
2019-10-16,676.163,6169.59,756057.84,14169.0
2019-10-17,678.935,6181.01,763001.64,14148.0
2019-10-18,677.023,6191.95,760691.21,14144.5
2019-10-21,671.389,6198.99,750498.18,14078.0
2019-10-22,674.852,6225.5,760406.3999999999,14040.0
2019-10-23,671.536,6257.81,785203.13,14029.0
2019-10-24,679.378,6339.65,790537.57,14059.0
2019-10-25,678.65,6252.35,795223.1,14035.0
2019-10-28,672.632,6265.38,782735.25,14025.0
2019-10-29,669.908,6281.14,778948.5,14025.0
2019-10-30,672.614,6295.75,772326.62,14027.0
2019-10-31,681.805,6228.32,760524.66,14037.0
2019-11-01,681.038,6207.19,788767.0,14035.0
2019-11-04,681.187,6180.34,792408.1,14015.0
2019-11-05,670.281,6264.15,799360.0249999999,13967.5
2019-11-06,671.419,6217.54,789745.25,14015.0
2019-11-07,660.122,6165.62,799785.6749999999,13994.5
2019-11-08,657.494,6177.99,802161.36,14014.0
2019-11-11,655.313,6148.74,799622.1799999999,14063.0
2019-11-12,659.405,6180.99,798324.0,14055.0
2019-11-13,662.579,6142.5,804306.72,14081.0
2019-11-14,665.183,6098.95,799605.4500000001,14085.0
2019-11-15,663.496,6128.35,812293.5599999999,14073.0
2019-11-18,665.405,6122.63,803064.325,14076.5
2019-11-19,667.942,6152.09,777908.9,14090.0
2019-11-20,665.535,6155.11,804936.895,14094.5
2019-11-21,663.054,6117.36,825245.75,14087.5
2019-11-22,662.502,6100.24,813690.4500000001,14085.0
2019-11-25,657.605,6070.76,816490.75,14075.0
2019-11-26,661.252,6026.19,822704.85,14085.0
2019-11-27,660.266,6023.04,819060.45,14095.0
2019-11-28,659.036,5953.06,818347.2,14090.0
2019-11-29,663.0,6011.83,778172.85,14105.0
2019-12-02,664.455,6130.06,790435.0,14125.0
2019-12-03,669.583,6133.9,791290.5,14105.0
2019-12-04,669.175,6112.88,824155.15,14105.0
2019-12-05,663.039,6152.12,821817.95,14065.0
2019-12-06,658.332,6186.87,831020.0,14037.5
2019-12-09,658.13,6193.79,827165.3,14015.0
2019-12-10,659.498,6183.5,829952.4,14010.0
2019-12-11,662.839,6180.1,824696.6,14035.0
2019-12-12,656.548,6139.4,829999.5,14025.0
2019-12-13,662.951,6197.32,840078.95,13985.0
2019-12-16,664.814,6211.59,843241.05,14005.0
2019-12-17,663.491,6244.35,852550.6,13990.0
2019-12-18,662.878,6287.25,851496.75,13975.0
2019-12-19,664.734,6249.93,856161.7,13985.0
2019-12-20,663.754,6284.37,844800.1,13977.5
2019-12-23,666.774,6305.91,845313.1000000001,13967.5
2019-12-26,678.082,6319.44,860744.4,13955.0
2019-12-27,678.022,6329.31,860994.0,13950.0
2019-12-30,678.27,6299.54,858863.16,13924.5
2020-01-02,682.685,6283.58,849729.02,13889.0
2020-01-03,695.695,6323.47,877971.25,13925.0
2020-01-06,698.57,6257.4,881983.8,13940.0
2020-01-07,711.094,6279.35,869962.5,13875.0
2020-01-08,696.29,6225.69,828131.925,13892.5
2020-01-09,690.373,6274.49,824906.0,13850.0
2020-01-10,690.897,6274.94,812538.0,13762.5
2020-01-13,679.209,6296.57,793837.44,13668.0
2020-01-14,681.16,6325.41,796004.1,13670.0
2020-01-15,684.006,6283.37,789973.65,13665.0
2020-01-16,679.884,6286.05,797627.6000000001,13630.0
2020-01-17,683.33,6291.66,798339.25,13637.5
2020-01-20,683.735,6245.04,800636.725,13632.5
2020-01-21,683.589,6238.15,796778.55,13657.5
2020-01-22,684.228,6233.45,774188.93,13644.5
2020-01-23,683.288,6249.21,757691.7000000001,13630.0
2020-01-24,687.648,6244.11,735493.775,13572.5
2020-01-27,671.911,6133.21,722969.7,13605.0
2020-01-28,686.341,6111.18,729333.5,13637.5
2020-01-29,690.56,6113.04,726754.575,13627.5
2020-01-30,694.758,6057.6,711450.3,13645.0
2020-01-31,703.763,5940.05,704051.8,13655.0
2020-02-03,697.636,5884.17,688636.675,13742.5
2020-02-04,685.454,5922.34,680153.1,13710.0
2020-02-05,683.952,5978.51,694006.25,13675.0
2020-02-06,686.874,5987.15,693939.0,13620.0
2020-02-07,690.784,5999.61,688126.0,13675.0
2020-02-10,692.788,5952.08,678861.15,13695.0
2020-02-11,688.595,5954.4,682430.1,13665.0
2020-02-12,691.709,5913.08,698982.2000000001,13660.0
2020-02-13,693.92,5871.95,703425.6,13680.0
2020-02-14,697.327,5866.94,711783.75,13675.0
2020-02-17,695.385,5867.52,712660.5,13652.5
2020-02-18,703.056,5886.96,711263.25,13665.0
2020-02-19,707.536,5928.79,729406.875,13687.5
2020-02-20,714.922,5942.49,737189.35,13707.5
2020-02-21,727.939,5882.25,734775.7000000001,13765.0
2020-02-24,738.44,5807.05,713334.1,13870.0
2020-02-25,730.954,5787.14,692736.75,13882.5
2020-02-26,736.509,5688.92,678930.725,13932.5
2020-02-27,741.559,5535.69,660908.15,14035.0
2020-02-28,712.877,5452.7,642194.1,14347.5
2020-03-02,728.453,5361.25,666888.75,14265.0
2020-03-03,751.347,5518.63,673801.17,14281.5
2020-03-04,750.274,5650.14,660299.7000000001,14115.0
2020-03-05,779.822,5638.13,650403.0,14170.0
2020-03-06,767.376,5498.54,587414.4,14230.0
2020-03-09,756.177,5136.81,448038.52499999997,14392.5
2020-03-10,766.774,5220.83,492928.56,14346.0
2020-03-11,767.826,5154.1,473345.44999999995,14352.5
2020-03-12,737.712,4895.75,457427.25,14521.5
2020-03-13,720.646,4907.57,468652.10000000003,14770.0
2020-03-16,736.364,4690.66,428347.5,14925.0
2020-03-17,749.864,4456.75,408831.5,15170.0
2020-03-18,745.91,4330.67,309980.47500000003,15217.5
2020-03-19,753.113,4105.42,401313.25,15912.5
2020-03-20,760.153,4194.94,357197.75,15925.0
2020-03-23,855.346,3989.52,387192.0,16575.0
2020-03-24,863.055,3937.63,396165.0,16500.0
2020-03-26,848.889,4338.9,368493.0,16305.0
2020-03-27,836.181,4545.57,347171.4,16140.0
2020-03-30,833.235,4414.5,328220.375,16337.5
2020-03-31,813.764,4538.93,334028.8,16310.0
2020-04-01,820.553,4466.04,334099.5,16450.0
2020-04-02,853.274,4531.69,417147.0,16475.0
2020-04-03,865.901,4623.43,465484.5,16425.0
2020-04-06,875.18,4811.83,428038.0,16412.5
2020-04-07,855.458,4778.64,382215.25,16175.0
2020-04-08,858.264,4626.69,405830.75,16175.0
2020-04-09,865.229,4649.08,360063.2,15820.0
2020-04-13,868.301,4623.89,350268.3,15630.0
2020-04-14,864.799,4706.49,314319.3,15630.0
2020-04-15,877.854,4625.9,309276.55,15565.0
2020-04-16,859.576,4480.61,310766.8,15640.0
2020-04-17,836.664,4634.82,281906.1,15430.0
2020-04-20,836.234,4575.9,579972.375,15412.5
2020-04-21,835.917,4501.92,154704.55,15455.0
2020-04-22,868.556,4567.56,212901.0,15450.0
2020-04-23,856.066,4593.55,254100.0,15400.0
2020-04-24,866.539,4496.06,260876.00000000003,15400.0
2020-04-27,841.843,4513.14,196620.3,15385.0
2020-04-28,842.327,4529.55,190313.65,15422.5
2020-04-29,840.336,4567.32,230342.7,15295.0
2020-04-30,822.29,4716.4,280245.0,14875.0
2020-05-04,824.408,4605.49,307889.0,15100.0
2020-05-05,823.69,4630.13,370364.8,15080.0
2020-05-06,838.572,4608.79,360929.55,15045.0
2020-05-08,808.154,4597.43,369120.8,14920.0
2020-05-11,824.609,4639.1,359565.3,14895.0
2020-05-12,815.9,4588.73,384250.9,14905.0
2020-05-13,827.255,4554.36,375935.85,14865.0
2020-05-14,825.675,4513.83,410230.6,14885.0
2020-05-15,833.438,4507.61,437329.8,14860.0
2020-05-18,831.312,4511.06,472527.0,14850.0
2020-05-19,828.781,4548.66,480025.0,14770.0
2020-05-20,830.904,4545.95,492637.9,14710.0
2020-05-26,811.763,4626.8,506834.25,14755.0
2020-05-27,813.464,4641.56,482635.10000000003,14710.0
2020-05-28,814.567,4716.19,496042.65,14715.0
2020-05-29,814.944,4753.61,518508.9,14610.0
2020-06-02,797.464,4847.51,530616.15,14415.0
2020-06-03,773.709,4941.01,525602.5499999999,14095.0
2020-06-04,781.602,4916.7,527293.95,14095.0
2020-06-05,758.566,4947.78,548558.5,13870.0
2020-06-08,768.147,5070.56,530268.15,13885.0
2020-06-09,785.357,5035.06,540876.6,13890.0
2020-06-10,795.733,4920.68,553608.0,13980.0
2020-06-11,775.941,4854.75,509305.10000000003,14015.0
2020-06-12,790.879,4880.36,512172.5,14125.0
2020-06-15,776.402,4816.34,523948.8,14115.0
2020-06-16,779.613,4986.46,540774.2000000001,14090.0
2020-06-17,784.39,4987.78,534571.7000000001,14082.5
2020-06-18,780.856,4925.25,547061.4,14085.0
2020-06-19,798.443,4942.27,560475.0,14100.0
2020-06-22,807.852,4918.83,573925.1,14185.0
2020-06-23,811.094,4879.13,571639.2,14160.0
2020-06-24,801.688,4964.73,537081.2999999999,14130.0
2020-06-25,801.681,4896.73,548856.0,14175.0
2020-06-26,817.262,4904.09,547327.8,14220.0
2020-06-29,807.94,4901.82,565526.5,14245.0
2020-06-30,837.555,4905.39,559793.8500000001,14255.0
2020-07-01,810.527,4914.39,568032.3,14265.0
2020-07-02,820.931,4966.78,584486.025,14378.5
2020-07-03,829.467,4973.79,584462.8,14510.0
2020-07-06,820.325,4988.87,588728.7000000001,14490.0
2020-07-07,833.156,4987.08,586552.7999999999,14440.0
2020-07-08,835.903,5076.17,589369.0,14410.0
2020-07-09,831.584,5052.79,570329.8999999999,14395.0
2020-07-10,832.866,5031.26,585339.25,14435.0
2020-07-13,833.945,5064.45,578442.5,14425.0
2020-07-14,838.253,5079.12,582190.5,14450.0
2020-07-15,850.135,5075.8,601005.0,14587.5
2020-07-16,841.562,5098.37,595968.75,14625.0
2020-07-17,861.054,5079.58,596470.05,14695.0
2020-07-20,862.84,5051.11,603375.85,14785.0
2020-07-21,869.757,5114.71,618427.46,14738.5
2020-07-22,879.714,5110.19,613835.0,14650.0
2020-07-23,885.577,5145.01,598800.6,14580.0
2020-07-24,892.786,5082.99,603246.9,14610.0
2020-07-27,915.29,5116.67,604032.0,14520.0
2020-07-28,916.45,5112.99,596516.4,14535.0
2020-07-29,917.731,5111.11,599859.4500000001,14535.0
2020-07-30,913.469,5149.63,582832.0,14600.0
2020-08-03,926.237,5006.22,599976.2999999999,14630.0
2020-08-04,947.271,5075.0,609654.0,14620.0
2020-08-05,949.293,5127.05,613864.5,14550.0
2020-08-06,969.83,5178.27,611840.75,14585.0
2020-08-07,962.801,5143.89,600987.6,14580.0
2020-08-10,954.9,5157.83,611904.6,14590.0
2020-08-11,901.726,5190.17,608338.2,14620.0
2020-08-12,910.722,5233.45,626608.9500000001,14685.0
2020-08-13,927.025,5239.25,620928.0,14700.0
2020-08-14,932.486,5247.69,618387.2,14720.0
2020-08-18,953.573,5295.17,636058.7,14830.0
2020-08-19,922.638,5272.81,634076.1,14770.0
2020-08-24,913.398,5277.04,625235.3999999999,14670.0
2020-08-25,907.983,5338.89,634644.0,14640.0
2020-08-26,919.478,5340.33,636531.3,14670.0
2020-08-27,907.725,5371.47,630536.0,14650.0
2020-08-28,918.132,5346.66,628006.5499999999,14615.0
2020-08-31,924.038,5238.49,620401.6,14560.0
2020-09-01,929.067,5310.68,622799.4,14565.0
2020-09-02,923.13,5311.97,611857.4,14740.0
2020-09-03,914.363,5280.81,610621.2,14760.0
2020-09-04,917.17,5239.85,586209.8,14740.0
2020-09-07,915.058,5230.2,577416.0,14730.0
2020-09-08,921.511,5244.07,542577.6,14760.0
2020-09-09,925.613,5149.38,562379.0,14780.0
2020-09-10,941.566,4891.46,552786.0,14820.0
2020-09-11,936.009,5016.71,554723.7999999999,14860.0
2020-09-14,935.429,5161.83,553683.6,14860.0
2020-09-15,933.004,5100.87,567883.8,14835.0
2020-09-16,934.048,5058.48,595372.0,14825.0
2020-09-17,928.151,5038.4,607175.4,14820.0
2020-09-18,930.285,5059.22,605550.3,14730.0
2020-09-21,906.703,4999.36,577463.9,14690.0
2020-09-22,903.132,4934.09,584100.0,14750.0
2020-09-23,884.659,4917.96,590165.4,14780.0
2020-09-24,894.022,4842.76,598401.9500000001,14845.0
2020-09-25,888.94,4945.79,597511.25,14845.0
2020-09-28,899.931,4906.55,602910.0,14850.0
2020-09-29,907.493,4879.1,583260.0499999999,14845.0
2020-09-30,902.324,4870.04,596864.7999999999,14840.0
2020-10-01,907.4,4970.09,573830.4,14820.0
2020-10-02,907.085,4926.73,549451.5,14830.0
2020-10-05,909.265,4958.77,580063.7999999999,14790.0
2020-10-06,895.333,4999.22,598255.7000000001,14710.0
2020-10-07,894.29,5004.33,586865.5,14690.0
2020-10-08,895.012,5039.14,604875.15,14685.0
2020-10-09,911.379,5053.66,595805.0,14675.0
2020-10-12,908.475,5093.1,578832.4,14680.0
2020-10-13,894.253,5132.57,590136.0,14680.0
2020-10-14,897.161,5176.1,602467.2,14680.0
2020-10-15,899.282,5105.15,600473.6,14660.0
2020-10-16,901.551,5103.41,599709.6000000001,14670.0
2020-10-19,899.756,5126.33,598976.1,14670.0
2020-10-20,893.72,5099.84,607389.0,14650.0
2020-10-21,905.288,5096.45,584838.3,14610.0
2020-10-22,897.636,5091.82,594969.6,14640.0
2020-10-23,895.929,5112.19,583802.5,14650.0
2020-10-26,896.021,5144.05,564132.8,14630.0
2020-10-27,897.837,5128.23,578513.4,14620.0
2020-11-02,890.317,5115.13,538346.25,14625.0
2020-11-03,895.35,5159.45,548706.2,14570.0
2020-11-04,889.984,5105.2,569241.0,14540.0
2020-11-05,900.586,5260.33,557412.2999999999,14370.0
2020-11-06,891.846,5335.53,527016.6,14190.0
2020-11-09,858.449,5356.0,566074.5,14050.0
2020-11-10,847.971,5462.74,580694.4,14040.0
2020-11-11,843.972,5509.51,583201.5,14070.0
2020-11-12,853.081,5458.6,581436.7999999999,14140.0
2020-11-13,860.295,5461.06,567839.5,14150.0
2020-11-16,855.444,5494.87,582894.0,14100.0
2020-11-17,849.65,5529.94,581262.9,14030.0
2020-11-18,845.718,5557.52,587571.0,14050.0
2020-11-19,848.962,5594.06,590203.6,14140.0
2020-11-20,853.05,5571.66,596422.5,14150.0
2020-11-23,837.597,5652.76,608437.8,14130.0
2020-11-24,821.927,5701.03,635027.3999999999,14140.0
2020-11-25,821.873,5679.25,645882.3,14130.0
2020-11-26,819.637,5759.92,633768.2,14090.0
2020-11-27,809.551,5783.33,640607.1,14070.0
2020-11-30,806.68,5612.42,638840.6000000001,14090.0
2020-12-01,822.35,5724.74,628155.0,14100.0
2020-12-02,829.593,5813.99,637995.2000000001,14090.0
2020-12-03,840.047,5822.94,643524.0,14100.0
2020-12-04,836.594,5810.48,651572.1,14085.0
2020-12-07,845.31,5930.76,644300.7999999999,14080.0
2020-12-08,847.87,5944.41,642048.0,14080.0
2020-12-10,832.729,5933.7,659130.2000000001,14090.0
2020-12-11,837.348,5938.33,655239.9,14070.0
2020-12-14,827.533,6012.52,661149.3,14070.0
2020-12-15,841.059,6010.13,670965.7999999999,14090.0
2020-12-16,844.387,6118.4,673783.8,14090.0
2020-12-17,854.687,6113.38,681150.6,14085.0
2020-12-18,852.668,6104.32,691328.0,14080.0
2020-12-21,853.433,6165.62,673134.0,14100.0
2020-12-22,847.89,6023.29,665097.9,14145.0
2020-12-23,853.693,6008.71,680898.0,14150.0
2020-12-28,852.691,6093.55,673346.7999999999,14140.0
2020-12-29,852.372,6036.17,677280.0,14110.0
2020-12-30,854.177,5979.07,679536.0,14040.0
2021-01-04,874.97,6104.9,661203.7,13885.0
2021-01-05,871.862,6137.34,694027.0,13900.0
2021-01-06,856.866,6065.68,702744.4,13880.0
2021-01-07,856.832,6153.63,706028.7,13890.0
2021-01-08,840.462,6257.83,730315.2000000001,13980.0
2021-01-11,838.953,6382.94,735680.0,14080.0
2021-01-12,840.178,6395.67,751325.2000000001,14120.0
2021-01-13,839.036,6435.21,743650.0499999999,14055.0
2021-01-14,835.773,6428.31,752658.5,14050.0
2021-01-15,831.71,6373.41,733563.6,14010.0
2021-01-18,830.206,6389.83,736181.6,14060.0
2021-01-19,833.806,6321.86,744369.0,14050.0
2021-01-20,842.82,6429.76,746424.8,14020.0
2021-01-21,839.49,6413.89,742757.4,13980.0
2021-01-22,841.273,6307.13,732825.4,14020.0
2021-01-25,836.289,6258.57,739307.7000000001,14010.0
2021-01-26,837.141,6140.17,738644.4,14040.0
2021-01-27,831.045,6109.17,741749.75,14035.0
2021-01-28,832.83,5979.39,735377.0,14050.0
2021-01-29,831.952,5862.35,731844.0,14020.0
2021-02-01,837.79,6067.54,750235.5,14010.0
2021-02-02,827.169,6043.84,767735.2,14020.0
2021-02-03,825.016,6077.75,779660.0,14000.0
2021-02-04,809.243,6107.22,787782.2999999999,14010.0
2021-02-05,816.407,6151.73,797037.0,14020.0
2021-02-08,823.817,6208.87,811290.15,13995.0
2021-02-09,826.367,6181.67,816456.4,13990.0
2021-02-10,828.832,6201.83,820346.4,13980.0
2021-02-11,821.341,6222.52,813612.8,13970.0
2021-02-15,813.532,6270.32,835851.9,13910.0
2021-02-16,805.011,6292.4,835896.0,13920.0
2021-02-17,801.183,6227.73,856571.4,14010.0
2021-02-18,798.963,6200.31,847885.2000000001,14010.0
2021-02-19,806.611,6231.93,832914.4,14060.0
2021-02-22,821.48,6255.31,867623.9,14110.0
2021-02-23,820.738,6272.81,868930.3,14090.0
2021-02-24,816.144,6251.05,890137.6,14080.0
2021-02-25,806.391,6289.65,894502.4,14080.0
2021-02-26,799.569,6241.8,875760.0,14240.0
2021-03-01,790.174,6338.51,864120.0,14250.0
2021-03-02,796.089,6359.21,854425.0,14300.0
2021-03-03,784.689,6376.76,872627.2000000001,14240.0
2021-03-04,777.425,6290.8,910215.7999999999,14260.0
2021-03-05,787.493,6258.75,944426.1000000001,14290.0
2021-03-08,777.482,6248.46,933467.5,14350.0
2021-03-09,794.538,6199.65,921103.9,14390.0
2021-03-10,798.914,6264.68,927613.7999999999,14395.0
2021-03-12,799.13,6358.21,943471.8,14380.0
2021-03-15,801.488,6324.26,941289.05,14395.0
2021-03-16,803.532,6309.7,933120.0,14400.0
2021-03-17,811.132,6277.23,931854.9999999999,14425.0
2021-03-18,805.32,6347.83,863400.0,14390.0
2021-03-19,806.476,6356.16,884448.0,14400.0
2021-03-22,806.702,6301.13,886320.0,14400.0
2021-03-23,802.983,6252.71,831166.4,14390.0
2021-03-24,806.434,6156.14,882215.6,14420.0
2021-03-25,802.961,6122.88,844435.2000000001,14420.0
2021-03-26,803.003,6195.56,878577.7,14410.0
2021-03-29,795.738,6166.82,888926.4,14440.0
2021-03-30,788.59,6071.44,876158.5,14470.0
2021-03-31,799.736,5985.52,859003.2,14520.0
2021-04-01,807.207,6011.46,892254.0,14520.0
2021-04-05,804.925,5970.29,851011.5,14510.0
2021-04-06,810.932,6002.77,860285.0,14500.0
2021-04-07,813.472,6036.62,866067.3,14490.0
2021-04-08,823.507,6071.72,865988.0,14530.0
2021-04-09,819.448,6070.21,863699.2,14560.0
2021-04-12,814.316,5948.57,871023.0,14590.0
2021-04-13,821.253,5927.44,878628.0,14600.0
2021-04-14,816.114,6050.28,921990.0,14600.0
2021-04-15,829.275,6079.5,926516.0,14600.0
2021-04-16,832.939,6086.26,919172.8,14560.0
2021-04-19,827.123,6052.54,921862.1000000001,14545.0
2021-04-20,830.73,6038.32,905067.7999999999,14495.0
2021-04-21,836.913,5993.24,891108.75,14525.0
2021-04-22,834.393,5994.18,891656.45,14515.0
2021-04-23,829.299,6016.86,902272.8,14520.0
2021-04-26,827.832,5964.82,896456.7999999999,14480.0
2021-04-27,828.654,5959.62,911371.2,14480.0
2021-04-28,829.378,5974.48,925650.7,14495.0
2021-04-29,823.838,6012.96,939069.4500000001,14445.0
2021-04-30,821.382,5995.62,918095.2,14440.0
2021-05-03,829.915,5952.6,931558.0499999999,14445.0
2021-05-04,828.315,5963.82,947578.25,14425.0
2021-05-05,826.572,5975.91,947040.8999999999,14430.0
2021-05-06,831.461,5970.24,926323.6499999999,14315.0
2021-05-07,832.091,5928.31,926772.0000000001,14280.0
2021-05-10,838.053,5975.79,921539.4,14195.0
2021-05-11,837.313,5938.35,926649.6,14195.0
2021-05-17,861.985,5833.86,946335.6,14280.0
2021-05-18,861.14,5834.39,934542.2999999999,14270.0
2021-05-19,863.239,5760.58,904464.0,14275.0
2021-05-20,867.715,5797.6,891658.5,14370.0
2021-05-21,869.34,5773.12,912373.0,14350.0
2021-05-24,864.865,5763.63,947817.5,14350.0
2021-05-25,875.206,5815.84,946452.7499999999,14325.0
2021-05-27,875.638,5841.83,954952.2499999999,14285.0
2021-05-28,875.9,5848.62,947049.5999999999,14280.0
2021-05-31,874.061,5947.46,955853.9999999999,14275.0
2021-06-02,874.371,6031.58,982548.25,14275.0
2021-06-03,861.893,6091.51,982606.8,14280.0
2021-06-04,866.216,6065.17,994869.8,14290.0
2021-06-07,869.813,6069.94,987219.8,14260.0
2021-06-08,869.427,5999.37,998212.5,14250.0
2021-06-09,866.975,6047.48,996929.9999999999,14250.0
2021-06-10,869.628,6107.54,1001281.05,14245.0
2021-06-11,858.319,6095.5,1006071.08,14188.0
2021-06-14,854.269,6080.38,1006495.9999999999,14200.0
2021-06-15,850.839,6089.04,1025546.4,14220.0
2021-06-16,846.268,6078.57,1027055.2500000001,14235.0
2021-06-17,828.343,6068.45,1019424.0000000001,14350.0
2021-06-18,821.95,6007.12,1029466.8,14370.0
2021-06-21,825.489,5996.25,1062545.5,14425.0
2021-06-22,825.99,6087.84,1052064.0,14400.0
2021-06-23,824.687,6034.54,1054544.4,14430.0
2021-06-24,825.308,6012.06,1058085.5,14435.0
2021-06-25,827.98,6022.4,1067801.0,14420.0
2021-06-28,828.095,5939.47,1052820.4,14440.0
2021-06-29,824.908,5949.05,1056750.4000000001,14480.0
2021-06-30,826.932,5985.49,1064947.65,14495.0
2021-07-01,834.221,6005.96,1090835.0,14500.0
2021-07-02,830.998,6023.01,1092074.8,14530.0
2021-07-05,833.747,6005.61,1103795.0,14476.0
2021-07-06,837.89,6047.11,1061297.05,14465.0
2021-07-07,841.483,6044.04,1045456.0,14480.0
2021-07-08,844.28,6039.9,1059088.8,14520.0
2021-07-09,842.378,6039.84,1082984.0,14525.0
2021-07-12,843.035,6078.57,1073709.0,14490.0
2021-07-13,844.425,6012.03,1088265.5,14462.0
2021-07-14,850.187,5979.21,1058556.75,14475.0
2021-07-15,854.781,6046.75,1037492.0000000001,14480.0
2021-07-16,844.434,6072.51,1040885.9500000001,14495.0
2021-07-19,849.675,6017.39,964086.3,14515.0
2021-07-21,838.934,6029.98,1022162.0,14540.0
2021-07-22,842.836,6137.55,1041256.7999999999,14480.0
2021-07-23,838.762,6101.69,1044294.2999999999,14490.0
2021-07-26,839.762,6106.39,1041256.7999999999,14480.0
2021-07-27,839.485,6097.05,1038208.5000000001,14490.0
2021-07-28,841.389,6088.52,1048569.15,14485.0
2021-07-29,849.498,6120.73,1066017.6,14480.0
2021-07-30,843.798,6070.04,1069317.0,14460.0
2021-08-02,837.369,6096.54,1027569.2000000001,14420.0
2021-08-03,835.912,6130.57,1011830.4,14340.0
2021-08-04,835.258,6159.04,975226.5000000001,14310.0
2021-08-05,831.877,6205.42,990750.6000000001,14340.0
2021-08-06,816.125,6203.43,979818.0,14350.0
2021-08-09,801.792,6127.46,954652.8,14360.0
2021-08-10,799.376,6088.41,982010.2000000001,14380.0
2021-08-12,810.898,6139.65,993514.2000000001,14380.0
2021-08-13,821.703,6139.49,984509.4,14385.0
2021-08-16,825.761,6087.91,966957.3,14370.0
2021-08-18,827.731,6118.15,940660.2,14370.0
2021-08-19,829.159,5992.32,917136.0,14400.0
2021-08-20,825.119,6030.77,900524.0,14450.0
2021-08-23,835.31,6109.83,945872.4,14410.0
2021-08-24,834.645,6089.5,971900.6000000001,14390.0
2021-08-25,830.255,6113.24,984042.2,14395.0
2021-08-26,833.242,6058.08,971859.3,14415.0
2021-08-27,837.151,6041.37,990887.1,14415.0
2021-08-30,834.006,6144.9,994409.2799999999,14368.0
2021-08-31,831.451,6150.3,977152.5,14265.0
2021-09-01,830.07,6090.93,979465.2000000001,14280.0
2021-09-02,828.773,6078.23,998757.2999999999,14270.0
2021-09-03,837.335,6126.92,988075.4000000001,14260.0
2021-09-06,834.545,6126.94,978336.0,14220.0
2021-09-07,822.149,6112.4,971253.4999999999,14210.0
2021-09-08,822.118,6026.02,987525.0,14250.0
2021-09-09,822.946,6068.22,970995.0,14250.0
2021-09-10,819.547,6094.87,990024.0,14200.0
2021-09-13,821.435,6088.16,1003912.5,14250.0
2021-09-14,826.427,6129.1,1003702.7,14245.0
2021-09-15,821.207,6110.23,1033966.4,14240.0
2021-09-16,803.433,6109.94,1034692.5,14250.0
2021-09-17,804.423,6133.25,1023773.25,14225.0
2021-09-20,810.014,6076.31,1000929.6000000001,14240.0
2021-09-21,812.803,6060.76,1004421.6,14235.0
2021-09-22,809.47,6108.27,1028555.2000000001,14240.0
2021-09-23,800.676,6142.71,1043792.0,14240.0
2021-09-24,803.572,6144.81,1054584.9000000001,14255.0
2021-09-27,801.927,6122.5,1075162.5,14250.0
2021-09-28,798.853,6113.11,1074388.3,14270.0
2021-09-29,797.046,6162.55,1069320.7,14290.0
2021-09-30,807.624,6286.94,1073679.3,14310.0
2021-10-01,810.058,6228.85,1085463.4,14305.0
2021-10-04,811.073,6342.69,1107249.3,14265.0
2021-10-05,804.38,6288.05,1124594.6400000001,14248.0
2021-10-06,809.803,6417.32,1103377.5,14250.0
2021-10-07,800.682,6416.4,1113034.5,14215.0
2021-10-08,805.328,6481.77,1128357.0,14220.0
2021-10-11,800.57,6459.7,1143786.5999999999,14205.0
2021-10-12,805.053,6486.27,1146297.6,14215.0
2021-10-13,817.474,6536.9,1143454.5999999999,14215.0
2021-10-14,811.265,6626.11,1147690.6500000001,14115.0
2021-10-15,799.29,6633.34,1157679.6,14070.0
2021-10-18,801.324,6658.77,1162816.2,14105.0
2021-10-19,801.883,6656.0,1167496.0799999998,14073.0
2021-10-21,811.849,6632.97,1164900.0,14120.0
2021-10-22,820.109,6643.74,1182691.2000000002,14120.0
2021-10-25,823.116,6625.7,1185622.8,14155.0
2021-10-26,815.732,6656.94,1197797.5,14150.0
2021-10-27,821.378,6602.21,1171292.2,14170.0
2021-10-28,821.581,6524.08,1173417.7,14170.0
2021-10-29,815.885,6591.35,1183769.0499999998,14165.0
2021-11-01,822.501,6552.89,1197292.25,14245.0
2021-11-02,821.143,6493.27,1195717.5,14250.0
2021-11-03,819.104,6552.13,1155893.7,14295.0
2021-11-04,830.09,6586.44,1129741.35,14335.0
2021-11-05,836.912,6581.79,1164192.75,14325.0
2021-11-08,836.15,6632.3,1167912.1500000001,14255.0
2021-11-09,838.919,6669.92,1198296.0,14240.0
2021-11-10,850.29,6683.15,1159095.0,14250.0
2021-11-11,853.993,6691.34,1163473.4000000001,14260.0
2021-11-12,850.719,6651.05,1149884.07,14233.0
2021-11-15,849.392,6616.03,1149304.8,14210.0
2021-11-16,846.97,6651.21,1148407.2000000002,14220.0
2021-11-17,854.05,6675.8,1115846.4,14240.0
2021-11-18,849.304,6636.47,1123917.25,14225.0
2021-11-19,846.893,6720.26,1083283.5,14235.0
2021-11-22,829.527,6723.39,1093303.75,14245.0
2021-11-23,822.032,6677.88,1119017.5,14255.0
2021-11-24,822.969,6683.28,1117449.45,14255.0
2021-11-25,823.072,6699.35,1104253.65,14265.0
2021-11-26,830.767,6561.55,974545.0000000001,14300.0
2021-11-29,823.595,6608.29,1001684.0,14320.0
2021-11-30,816.368,6533.93,947697.6000000001,14320.0
2021-12-01,823.843,6507.68,940273.7999999999,14340.0
2021-12-02,818.603,6583.82,955937.5,14375.0
2021-12-03,832.911,6538.51,953812.7000000001,14395.0
2021-12-06,826.458,6547.12,1003088.1499999999,14435.0
2021-12-07,823.562,6602.57,1035718.75,14375.0
2021-12-08,820.408,6603.8,1038727.8,14355.0
2021-12-09,819.659,6643.93,1017989.0,14350.0
2021-12-10,822.96,6652.92,1029897.9,14370.0
2021-12-13,822.457,6662.87,1022298.6000000001,14340.0
2021-12-14,815.93,6615.64,1013560.9,14330.0
2021-12-15,820.134,6626.26,1015567.1000000001,14330.0
2021-12-16,830.375,6594.8,1037929.2,14340.0
2021-12-17,831.678,6601.93,1017903.9,14365.0
2021-12-20,828.707,6547.11,980806.25,14375.0
2021-12-21,821.122,6554.31,1017940.56,14313.0
2021-12-22,823.474,6529.59,1039376.6000000001,14285.0
2021-12-23,823.925,6555.55,1051286.1300000001,14247.0
2021-12-27,828.185,6575.44,1074983.25,14225.0
2021-12-28,826.434,6598.34,1080815.5,14225.0
2021-12-29,825.03,6600.68,1090980.0,14250.0
2021-12-30,832.866,6581.48,1098262.3499999999,14265.0
2022-01-03,828.457,6665.31,1085205.1199999999,14264.0
2022-01-04,836.657,6695.37,1100957.0,14300.0
2022-01-05,838.39,6662.3,1117536.75,14355.0
2022-01-06,827.709,6653.35,1143429.4,14390.0
2022-01-07,826.986,6701.32,1132609.5,14355.0
2022-01-10,827.684,6691.12,1119080.1500000001,14305.0
2022-01-11,836.243,6647.97,1161446.0,14300.0
2022-01-12,839.154,6647.06,1182991.6,14315.0
2022-01-13,837.816,6658.36,1173494.8,14290.0
2022-01-14,836.42,6693.4,1198206.9,14295.0
2022-01-17,838.219,6645.05,1198022.3499999999,14315.0
2022-01-18,837.569,6614.06,1224639.05,14335.0
2022-01-19,849.01,6591.98,1248745.5999999999,14360.0
2022-01-20,847.128,6626.87,1245711.5,14335.0
2022-01-21,845.219,6726.37,1220481.9,14335.0
2022-01-24,850.59,6655.17,1194665.4000000001,14340.0
2022-01-25,852.224,6568.17,1228360.0,14350.0
2022-01-26,841.563,6600.82,1253472.5,14350.0
2022-01-27,831.809,6611.16,1245884.85,14385.0
2022-01-28,828.74,6645.51,1248905.7,14385.0
2022-01-31,828.879,6631.15,1267597.0,14380.0
2022-02-02,834.225,6707.65,1266972.3,14355.0
2022-02-03,835.265,6683.85,1297631.25,14375.0
2022-02-04,837.073,6731.39,1327233.18,14378.0
2022-02-07,843.276,6804.94,1314551.4,14395.0
2022-02-08,844.599,6789.52,1285890.4,14390.0
2022-02-09,844.635,6834.61,1287069.3,14355.0
2022-02-10,843.268,6823.64,1288879.2,14340.0
2022-02-11,857.223,6815.61,1335985.0,14350.0
2022-02-14,860.481,6734.49,1367464.5,14325.0
2022-02-15,849.909,6807.5,1316601.0,14300.0
2022-02-16,858.142,6850.2,1335123.3,14255.0
2022-02-17,877.085,6835.12,1313544.4000000001,14315.0
2022-02-18,876.4,6892.82,1304577.75,14325.0
2022-02-21,881.28,6902.96,1327211.25,14325.0
2022-02-22,877.627,6861.99,1326238.3499999999,14361.0
2022-02-23,881.699,6920.06,1320253.5,14335.0
2022-02-24,883.937,6817.82,1334607.8,14380.0
2022-02-25,870.642,6888.17,1315690.35,14365.0
2022-03-01,901.15,6921.44,1482382.3499999999,14335.0
2022-03-02,892.584,6868.4,1590981.0,14385.0
2022-03-04,911.301,6928.33,1664056.8,14385.0
2022-03-07,926.084,6869.07,1719957.0,14405.0
2022-03-08,943.921,6814.18,1780661.5,14395.0
2022-03-09,912.264,6864.44,1559301.5,14345.0
2022-03-10,916.21,6924.01,1513435.5,14275.0
2022-03-11,915.717,6922.6,1563419.0,14300.0
2022-03-14,900.842,6952.2,1476133.3,14330.0
2022-03-15,882.647,6918.19,1381503.0,14325.0
2022-03-16,883.921,6992.4,1360022.4000000001,14310.0
2022-03-17,895.294,6964.38,1472614.0,14300.0
2022-03-18,886.031,6954.96,1501398.0,14340.0
2022-03-21,892.454,6955.18,1607576.56,14338.0
2022-03-22,886.364,7000.82,1604426.56,14356.0
2022-03-23,899.799,6996.12,1648670.85,14345.0
2022-03-24,904.705,7049.69,1611404.96,14344.0
2022-03-25,903.488,7002.53,1633326.0,14340.0
2022-03-28,888.592,7049.6,1521797.52,14362.0
2022-03-29,883.955,7011.69,1497199.1199999999,14363.0
2022-03-30,891.052,7053.19,1546138.7999999998,14340.0
2022-03-31,893.439,7071.44,1440823.04,14368.0
2022-04-01,889.35,7078.76,1426013.55,14365.0
2022-04-04,889.851,7116.22,1482377.84,14353.0
2022-04-05,887.272,7148.3,1462616.2,14345.0
2022-04-06,889.63,7104.22,1381381.6500000001,14355.0
2022-04-07,893.37,7127.37,1378798.74,14358.0
2022-04-08,899.831,7210.83,1411013.6,14360.0
2022-04-11,902.474,7203.79,1354475.85,14365.0
2022-04-12,908.728,7214.78,1444616.0,14360.0
2022-04-13,913.851,7262.78,1497238.5,14362.0
2022-04-14,912.553,7235.53,1533983.85,14343.0
2022-04-18,912.517,7275.29,1553138.13,14353.0
2022-04-19,901.188,7199.23,1470197.6,14335.0
2022-04-20,903.744,7227.36,1474976.25,14355.0
2022-04-21,902.391,7276.19,1488659.9700000002,14343.0
2022-04-22,898.787,7225.61,1465316.92,14356.0
2022-04-25,881.055,7215.98,1424395.7000000002,14455.0
2022-04-26,884.699,7232.15,1465497.0,14410.0
2022-04-27,875.918,7196.76,1471128.4,14420.0
2022-04-28,884.673,7228.91,1527193.2,14495.0
2022-05-09,867.768,6909.75,1500474.95,14555.0
2022-05-10,856.379,6819.79,1452006.8,14555.0
2022-05-11,867.035,6816.2,1538609.0499999998,14555.0
2022-05-12,858.747,6599.84,1548967.3499999999,14595.0
2022-05-13,853.973,6597.99,1614258.9,14610.0
2022-05-17,853.804,6644.47,1646098.0,14645.0
2022-05-18,860.892,6793.41,1609329.1500000001,14685.0
2022-05-19,866.516,6823.33,1652853.2999999998,14730.0
2022-05-20,871.122,6918.14,1658819.5,14650.0
2022-05-23,871.566,6840.77,1617954.3,14670.0
2022-05-24,878.286,6914.14,1608679.3499999999,14655.0
2022-05-25,871.889,6883.5,1614127.9,14630.0
2022-05-27,866.503,7026.26,1677145.25,14575.0
2022-05-30,867.772,7037.56,1712048.77,14557.0
2022-05-31,859.325,7148.97,1671888.6,14580.0
2022-06-02,867.583,7148.72,1692277.6,14480.0
2022-06-03,858.998,7182.96,1715888.45,14435.0
2022-06-06,854.518,7096.58,1712325.0,14450.0
2022-06-07,861.417,7141.04,1725952.14,14454.0
2022-06-08,865.102,7193.31,1769373.9,14490.0
2022-06-09,867.749,7182.83,1769185.6,14560.0
2022-06-10,879.335,7086.65,1755748.5,14550.0
2022-06-13,864.142,6995.44,1775010.54,14678.0
2022-06-14,858.404,7049.88,1747676.35,14695.0
2022-06-15,866.626,7007.05,1699669.4000000001,14740.0
2022-06-16,884.304,7050.33,1736216.35,14765.0
2022-06-17,877.954,6936.97,1623788.76,14821.0
2022-06-20,876.603,6976.38,1614097.2,14830.0
2022-06-21,874.184,7044.07,1638726.5,14810.0
2022-06-22,876.435,6984.31,1578514.3499999999,14865.0
2022-06-23,870.199,6998.27,1546845.45,14835.0
2022-06-24,871.323,7042.94,1597618.9000000001,14845.0
2022-06-27,867.696,7016.06,1621636.0,14800.0
2022-06-28,869.029,6996.46,1657959.6,14835.0
2022-06-29,868.938,6942.35,1630123.22,14849.0
2022-06-30,867.456,6911.58,1575295.2000000002,14895.0
2022-07-01,871.015,6794.33,1619402.05,14935.0
2022-07-04,871.796,6639.17,1652136.0,14965.0
2022-07-05,852.116,6703.27,1491007.5,14985.0
2022-07-06,838.421,6646.41,1477457.35,14995.0
2022-07-07,837.161,6652.59,1540436.35,14995.0
2022-07-08,838.973,6740.22,1569230.25,14975.0
2022-07-11,836.829,6722.15,1558227.3,14970.0
2022-07-12,831.544,6718.29,1436162.4000000001,14985.0
2022-07-13,838.667,6640.99,1443055.5,14985.0
2022-07-14,827.125,6690.09,1435742.2,14990.0
2022-07-15,823.15,6651.9,1462874.1,14990.0
2022-07-18,823.283,6659.25,1537153.2,14982.0
2022-07-19,823.338,6736.09,1560694.5,14975.0
2022-07-20,816.951,6874.74,1532366.1,14985.0
2022-07-21,829.715,6864.13,1448140.5,15030.0
2022-07-22,831.857,6886.96,1421920.5,15015.0
2022-07-25,827.665,6858.41,1450016.5,14995.0
2022-07-26,827.691,6871.54,1424225.1,14995.0
2022-07-27,831.865,6898.22,1459872.6,15010.0
2022-07-28,838.268,6956.82,1439550.6,14930.0
2022-07-29,841.268,6951.12,1462534.6,14830.0
2022-08-01,845.604,6968.78,1396144.3,14870.0
2022-08-02,842.98,6988.16,1405913.8,14890.0
2022-08-03,844.877,7046.63,1351740.5999999999,14910.0
2022-08-04,857.38,7057.35,1321902.2000000002,14930.0
2022-08-05,852.917,7084.65,1325358.9000000001,14890.0
2022-08-08,853.061,7086.85,1350055.0,14875.0
2022-08-09,857.199,7102.88,1343925.0,14850.0
2022-08-10,850.905,7086.24,1366999.1,14870.0
2022-08-11,847.84,7160.38,1392930.1,14765.0
2022-08-12,849.351,7129.28,1350499.85,14665.0
2022-08-15,845.493,7093.28,1317903.4,14740.0
2022-08-16,842.098,7133.45,1277615.45,14765.0
2022-08-18,839.696,7186.56,1342115.0,14830.0
2022-08-19,835.512,7172.43,1346572.95,14835.0
2022-08-22,832.37,7107.98,1343073.55,14885.0
2022-08-23,834.689,7163.27,1390632.9,14835.0
2022-08-24,835.394,7194.71,1408642.05,14845.0
2022-08-25,835.51,7174.21,1371146.4,14820.0
2022-08-26,828.573,7135.25,1378683.9000000001,14815.0
2022-08-29,831.964,7132.04,1444963.9500000002,14895.0
2022-08-30,823.254,7159.47,1359937.6,14840.0
2022-08-31,816.775,7178.59,1328922.0,14840.0
2022-09-01,812.817,7153.1,1288756.8,14880.0
2022-09-02,819.945,7177.18,1293928.6500000001,14895.0
2022-09-05,818.879,7231.88,1325504.0,14900.0
2022-09-06,815.12,7233.15,1293208.8,14885.0
2022-09-07,823.604,7186.76,1222135.0999999999,14915.0
2022-09-08,817.697,7232.02,1244328.3,14895.0
2022-09-09,819.162,7242.66,1286922.12,14828.0
2022-09-12,824.027,7254.46,1302655.2,14840.0
2022-09-13,818.927,7318.02,1296553.5,14850.0
2022-09-14,813.094,7278.08,1318794.4000000001,14905.0
2022-09-15,799.693,7305.6,1267564.5,14895.0
2022-09-16,807.859,7168.87,1272394.5,14950.0
2022-09-19,807.506,7195.49,1283806.75,14975.0
2022-09-20,803.814,7196.95,1265061.0,14980.0
2022-09-21,809.507,7188.31,1243685.3,14995.0
2022-09-22,807.431,7218.91,1253602.3499999999,15015.0
2022-09-23,798.727,7178.58,1183855.9,15035.0
2022-09-26,792.215,7127.5,1160238.75,15125.0
2022-09-27,794.601,7112.45,1186920.0,15120.0
2022-09-28,809.758,7077.03,1253609.0,15260.0
2022-09-29,810.934,7036.2,1239569.8,15260.0
2022-09-30,817.209,7040.8,1210235.25,15225.0
2022-10-03,834.389,7009.72,1279539.0,15300.0
2022-10-04,842.286,7072.26,1318997.4,15245.0
2022-10-05,838.962,7075.38,1333074.4000000001,15190.0
2022-10-06,838.668,7076.62,1343113.25,15185.0
2022-10-07,833.176,7026.78,1412760.0,15250.0
2022-10-10,821.857,6994.4,1395200.3,15310.0
2022-10-11,822.458,6939.15,1371969.25,15355.0
2022-10-12,824.085,6909.21,1340030.8499999999,15355.0
2022-10-13,823.518,6880.63,1368729.6,15360.0
2022-10-14,817.867,6814.53,1320534.25,15425.0
2022-10-17,819.353,6831.12,1323348.0999999999,15485.0
2022-10-18,822.027,6834.49,1280811.2999999998,15465.0
2022-10-19,816.365,6860.42,1325597.25,15495.0
2022-10-20,814.594,6980.65,1338708.6,15570.0
2022-10-21,828.028,7017.77,1329331.5,15630.0
2022-10-24,827.354,7053.04,1318179.3,15585.0
2022-10-25,825.601,7048.38,1332698.4,15620.0
2022-10-26,829.726,7043.94,1368670.79,15569.0
2022-10-27,832.111,7091.76,1386530.2,15565.0
2022-10-28,822.64,7056.04,1366669.2000000002,15548.0
2022-10-31,820.428,7098.89,1349435.35,15595.0
2022-11-01,830.221,7052.3,1380781.25,15625.0
2022-11-02,824.884,7015.69,1408050.0,15645.0
2022-11-03,827.078,7034.57,1383828.1500000001,15695.0
2022-11-04,844.037,7045.53,1457218.35,15735.0
2022-11-07,844.883,7102.4,1441561.9500000002,15705.0
2022-11-08,861.259,7050.13,1395442.45,15695.0
2022-11-09,861.013,7070.08,1343926.14,15658.0
2022-11-10,875.636,6966.84,1356714.3,15690.0
2022-11-11,880.961,7089.21,1377990.4,15490.0
2022-11-14,885.546,7019.39,1332273.05,15515.0
2022-11-15,889.644,7035.5,1350302.2,15535.0
2022-11-16,891.555,7014.38,1335204.0,15600.0
2022-11-17,889.209,7044.99,1278482.4,15660.0
2022-11-18,880.561,7082.18,1256054.8,15685.0
2022-11-21,879.357,7063.25,1252558.3,15710.0
2022-11-22,876.358,7030.59,1270510.25,15695.0
2022-11-23,879.376,7054.12,1222488.9,15685.0
2022-11-24,883.412,7080.52,1220930.85,15663.0
2022-11-25,885.26,7053.15,1195307.6,15670.0
2022-11-28,881.247,7017.36,1214212.7999999998,15720.0
2022-11-29,884.683,7012.07,1230868.0,15740.0
2022-11-30,888.618,7081.31,1267208.8,15730.0
2022-12-01,892.216,7020.8,1265494.8,15560.0
2022-12-02,888.826,7019.64,1238627.5,15425.0
2022-12-05,881.999,6987.33,1196991.0,15465.0
2022-12-06,889.659,6892.57,1162849.05,15615.0
2022-12-07,896.296,6818.75,1134788.3,15635.0
2022-12-08,897.183,6804.23,1125577.2,15620.0
2022-12-09,901.657,6715.12,1114113.0,15582.0
2022-12-12,897.735,6734.45,1147500.0,15625.0
2022-12-13,906.044,6810.32,1177099.45,15655.0
2022-12-14,903.113,6801.75,1204639.3,15590.0
2022-12-15,892.883,6751.86,1190643.75,15615.0
2022-12-16,900.263,6812.19,1161047.75,15595.0
2022-12-19,894.612,6779.7,1183504.55,15595.0
2022-12-20,909.481,6768.32,1189188.0,15600.0
2022-12-21,906.332,6820.66,1219370.4,15585.0
2022-12-22,897.066,6824.43,1222251.0,15580.0
2022-12-23,901.074,6800.67,1236910.6,15590.0
2022-12-26,907.687,6835.81,1265561.1,15630.0
2022-12-27,910.486,6923.03,1249198.2,15660.0
2022-12-28,915.847,6850.52,1234020.0,15700.0
2022-12-29,909.954,6860.08,1230639.55,15655.0
2022-12-30,910.904,6850.62,1252515.55,15565.0
2023-01-02,913.191,6850.98,1252917.9,15570.0
2023-01-03,920.99,6888.76,1202686.4000000001,15595.0
2023-01-04,929.136,6813.24,1139263.5,15585.0
2023-01-05,921.273,6653.84,1153521.6,15605.0
2023-01-06,936.39,6684.56,1157245.2000000002,15630.0
2023-01-09,938.49,6688.27,1166129.8,15565.0
2023-01-10,937.479,6622.5,1173510.9000000001,15570.0
2023-01-11,930.672,6584.45,1202486.4000000001,15480.0
2023-01-12,927.374,6629.93,1206176.4000000001,15336.0
2023-01-13,933.228,6641.83,1212865.4,15140.0
2023-01-16,931.592,6688.06,1188761.6,15040.0
2023-01-17,931.523,6767.34,1219622.0,15160.0
2023-01-18,926.768,6765.79,1203783.0,15085.0
2023-01-19,941.452,6819.91,1217211.0,15100.0
2023-01-20,932.786,6874.93,1230314.8,15070.0
2023-01-24,931.556,6860.85,1192735.05,14885.0
2023-01-25,934.904,6829.93,1199044.0,14960.0
2023-01-26,927.664,6864.82,1210694.4500000002,14945.0
2023-01-27,928.093,6898.98,1193606.4000000001,14980.0
2023-01-30,928.313,6872.48,1165773.5,14965.0
2023-01-31,929.942,6839.34,1181866.95,14985.0
2023-02-01,934.067,6862.26,1143857.7,14970.0
2023-02-02,916.621,6890.57,1128715.0,14875.0
2023-02-03,905.581,6911.73,1092777.1,14890.0
2023-02-06,912.614,6873.79,1115355.5,15050.0
2023-02-07,911.306,6935.3,1167899.6,15140.0
2023-02-08,912.629,6940.12,1184504.65,15095.0
2023-02-09,906.536,6897.37,1177925.4000000001,15090.0
2023-02-10,910.924,6880.33,1206163.6,15130.0
2023-02-13,906.888,6900.14,1217326.6,15190.0
2023-02-14,905.378,6941.85,1198154.3,15155.0
2023-02-15,897.516,6914.54,1194568.0,15200.0
2023-02-16,894.247,6895.66,1189358.97,15153.0
2023-02-17,898.467,6895.71,1160368.0,15200.0
2023-02-20,897.882,6894.72,1171481.5,15155.0
2023-02-21,898.738,6873.4,1156489.5999999999,15185.0
2023-02-22,891.817,6809.97,1124040.0,15200.0
2023-02-23,891.231,6839.45,1144797.15,15185.0
2023-02-24,888.847,6856.58,1161590.4,15220.0
2023-02-27,888.937,6854.78,1155255.2000000002,15265.0
2023-02-28,895.114,6843.24,1174627.25,15245.0
2023-03-01,900.484,6844.94,1183218.7,15230.0
2023-03-02,904.351,6857.42,1193894.0,15275.0
2023-03-03,911.334,6813.64,1218705.6,15295.0
2023-03-06,911.901,6807.0,1230233.4,15290.0
2023-03-07,899.549,6766.76,1190465.0999999999,15345.0
2023-03-08,900.959,6776.37,1182863.8,15430.0
2023-03-09,912.127,6799.79,1167602.4,15420.0
2023-03-10,930.701,6765.3,1184322.6,15445.0
2023-03-13,947.586,6786.96,1148928.0,15360.0
2023-03-14,941.109,6641.81,1097055.4,15380.0
2023-03-15,953.607,6628.14,1038489.6,15360.0
2023-03-16,951.239,6565.73,1050881.25,15375.0
2023-03-17,982.694,6678.24,1023791.6,15340.0
2023-03-20,976.244,6612.49,1038612.2,15355.0
2023-03-21,954.609,6691.61,1063522.2,15340.0
2023-03-24,964.856,6762.25,1049289.0,15150.0
2023-03-27,950.309,6708.93,1103435.55,15155.0
2023-03-28,955.828,6760.33,1104222.0,15085.0
2023-03-29,949.488,6839.44,1098928.2,15060.0
2023-03-30,956.598,6808.95,1118896.6500000001,15045.0
2023-03-31,947.815,6805.28,1134293.3,14990.0
